Done,https://twitter.com/uricovagerev/status/1586604198388547585
[1,2,3,4,5,6,7,8,9,10]
[11, 12, 13, 14, 15, 16, 7, 17, 18, 19]
[20, 21, 22, 23, 24, 25, 7, 26, 27, 28]
[29,30,31,32,33,34,7,35,36,37]
https://twitter.com/uricovagerev/status/1579912905793101824
[38,39,3,40,41,16,7,42,18,43]
[44,45,22,46,47,48,7,26,9,28]
[29,30,49,32,15,34,7,35,36,37]
https://twitter.com/uricovagerev/status/1591718220335321088
[]
https://twitter.com/uricovagerev/status/1591669879283023873
[50,51,52,4,5,6,7,8,27,10]
[11,12,53,14,15,16,7,17,54,19]
[55,2,3,56,24,25,7,57,18,43]
[58,21,22,32,59,60,7,26,9,28]
[29,30,61,23,33,34,7,35,36,37]
https://twitter.com/uricovagerev/status/1594236068131667975
[]
https://twitter.com/uricovagerev/status/1594294612406976513
[]
[]
[]
[]
[]
https://twitter.com/uricovagerev/status/1590060757932179456
[]
[]
[]
[]
[]
[]
[]
[]
[]
[]
